{"cameraMode":{"drawMode":0,"name":"Shaded","section":"Shading Mode"},"sceneLighting":true,"audioPlay":false,"sceneViewState":{"showFog":true,"showMaterialUpdate":false,"showSkybox":true,"showFlares":true,"showImageEffects":true,"showParticleSystems":true},"in2DMode":false,"pivot":{"x":-0.24936461448669434,"y":28.584178924560548,"z":32.6690788269043},"rotation":{"x":-0.07492481172084809,"y":0.012263468466699124,"z":-0.0009213924058713019,"w":-0.9971133470535278},"size":29.9390811920166,"orthographic":false}